{
	"Format": "1.0",
	"Changes": [
		{
			"Action": "EditData",
			"Target": "Data/mail",
			"Entries": {
				"AlexBirth": "@,^I wanted to remind you that today is Alex's birthday. ^You can't get strong like him without eating some nutritious meals!^  -Lewis",
				"ElliottBirth": "@,^I wanted to remind you that today is Elliott's birthday. ^That man sure loves the ocean. I bet salty foods don't bother him at all!^  -Lewis",
				"HarveyBirth": "@,^I wanted to remind you that today is Harvey's birthday. ^For someone working as a doctor, it sure is odd to see him at the saloon so often with a drink in his hand...^  -Lewis",
				"SamBirth": "@,^I wanted to remind you that today is Sam's birthday. ^The boy acts tough sometimes, but he really is sweet when he wants to be.^  -Lewis",
				"SebastianBirth": "@,^I wanted to remind you that today is Sebastian's birthday. ^He might look and act a bit depressed, but he sure loves to learn about the unknown!^  -Lewis",
				"AbigailBirth": "@,^I wanted to remind you that today is Abigail's birthday. ^She is so sweet, and so is her taste!^  -Lewis",
				"HaleyBirth": "@,^I wanted to remind you that today is Haley's birthday. ^I bet it takes some serious work to keep a figure like that!^  -Lewis",
				"LeahBirth": "@,^I wanted to remind you that today is Leah's birthday. ^Such a healthy girl, working hard every day. No wonder she looks so slim and strong!^  -Lewis",
				"MaruBirth": "@,^I wanted to remind you that today is Maru's birthday. ^I saw her sneaking into the mines at one point. I wonder what she wanted from there...^  -Lewis",
				"PennyBirth": "@,^I wanted to remind you that today is Penny's birthday. ^A very fragile girl, but with such a strong heart...^  -Lewis",
				"CarolineBirth": "@,^I wanted to remind you that today is Caroline's birthday. ^She often walks around in summer time, picking up some flowers. So peaceful...^  -Lewis",
				"ClintBirth": "@,^I wanted to remind you that today is Clint's birthday. ^He sure is a man of his own work!^  -Lewis",
				"DemetriusBirth": "@,^I wanted to remind you that today is Demetrius' birthday. ^I heard that spring fruits really sing to his soul!^  -Lewis",
				"DwarfBirth": "@,^I wanted to remind you that today is Dwarf's birthday. ^He just sits in the mines all day and night, doesn't he? He sure is an odd one...^  -Lewis",
				"EmilyBirth": "@,^I wanted to remind you that today is Emily's birthday. ^She must love her red dress. It looks so good on her!^  -Lewis",
				"EvelynBirth": "@,^I wanted to remind you that today is Evelyn's birthday. ^Such a sweet old lady, and so lovely to be around. Her care for George is something special.^  -Lewis",
				"GeorgeBirth": "@,^I wanted to remind you that today is George's birthday. ^An old man with an old taste pallet.^  -Lewis",
				"GusBirth": "@,^I wanted to remind you that today is Gus' birthday. ^I would guess he is from Mexico... but I really can't tell.^  -Lewis",
				"JasBirth": "@,^I wanted to remind you that today is Jas' birthday. ^A sweet little girl she is. I hope she will grow up as pretty and happy as she is now.^  -Lewis",
				"JodiBirth": "@,^I wanted to remind you that today is Jodi's birthday. ^Her taste pallet really matches that of a great mom!^  -Lewis",
				"KentBirth": "@,^I wanted to remind you that today is Kent's birthday. ^I wonder what things he saw during his service... I heard the military gave them nuts for breakfast!^  -Lewis",
				"KrobusBirth": "@,^I wanted to remind you that today is Krobus' birthday. ^That thing really freaks me out... who knew it lived right below us! Like the void itself...^  -Lewis",
				"LewisBirth": "@,^I wanted to remind you that today is my birthday. ^I know you might think it is selfish of me to remind you of that... but I like gifts too!^  -Lewis",
				"LinusBirth": "@,^I wanted to remind you that today is Linus' birthday. ^I wish he would understand that we welcome him more than he thinks...^  -Lewis",
				"MarnieBirth": "@,^I wanted to remind you that today is Marnie's birthday. ^The work she does around animals is amazing! She is a true farmer.^  -Lewis",
				"PamBirth": "@,^I wanted to remind you that today is Pam's birthday. ^That lady spends way too much time in the saloon, don't you think?^  -Lewis",
				"PierreBirth": "@,^I wanted to remind you that today is Pierre's birthday. ^Our town would suffer greatly from his loss. Let's hope that Joja Mart never gets to him...^  -Lewis" ,
				"RobinBirth": "@,^I wanted to remind you that today is Robin's birthday. ^She works hard on all of her projects, and I heard she wanted to have goats at some point. I wonder if she still wants them...^  -Lewis",
				"SandyBirth": "@,^I wanted to remind you that today is Sandy's birthday. ^She mentioned that you got the bus working again somehow... Amazing!^  -Lewis",
				"ShaneBirth": "@,^I wanted to remind you that today is Shane's birthday. ^If I had to guess, I'd say he moved in right after college, but I know better than that.^  -Lewis",
				"VincentBirth": "@,^I wanted to remind you that today is Vincent's birthday. ^His mother should really go easy on him. She seems a bit overprotective, don't you agree?^  -Lewis",
				"WillyBirth": "@,^I wanted to remind you that today is Willy's birthday. ^Man of the sea. He will never get tired of telling his stories... I just hope I won't have to go into his shop any time soon. The smell is revolting!^  -Lewis",
				"WizardBirth": "@,^I wanted to remind you that today is Wizard's birthday. ^Give him something magical, maybe he will use it in his next ritual!^  -Lewis",
			}
		},
		
		{
			"Action": "EditData",
			"Target": "Data/mail.zh-CN",
			"Entries": {
				"AlexBirth": "@，^我希望提醒你一下，今天是亚历克斯的生日。^要是不吃一些营养丰富的食物，你是不",
				"ElliottBirth": "@，^我希望提醒你一下，今天是艾利欧特的生日。^他无疑喜爱海洋。我敢打保票，咸口的食",
				"HarveyBirth": "@，^我希望提醒你一下，今天是哈维的生日。^对于像他一样的医生来说，常常出现在酒吧手里拿",
				"SamBirth": "@，^我希望提醒你一下，今天是山姆的生日。^这孩子有时候会很强硬；但如果他想的话，他",
				"SebastianBirth": "@，^我希望提醒你一下，今天是塞巴斯蒂安的生日。^他可能看起来有些沉闷，但他",
				"AbigailBirth": "@，^我希望提醒你一下，今天是阿比盖尔的生日。^她真的很招人喜欢，",
				"HaleyBirth": "@，^我希望提醒你一下，今天是海莉的生日。^我敢打赌她每天打扮花",
				"LeahBirth": "@，^我希望提醒你一下，今天是莉亚的生日。^如此健康的女孩，每天都在努力工作。难怪她",
				"MaruBirth": "@，^我希望提醒你一下，今天是玛鲁的生日。^我曾经见到她偷偷溜进矿井一次。好",
				"PennyBirth": "@，^我希望提醒你一下，今天是潘妮的生日。^一个非常柔弱的女孩儿，但有一",
				"CarolineBirth": "@，^我希望提醒你一下，今天是卡洛琳的生日。^她经常在夏天散步，有时捡起一些花。",
				"ClintBirth": "@，^我希望提醒你一下，今天是克林特的生日。^他无疑是位恪尽",
				"DemetriusBirth": "@，^我希望提醒你一下，今天是德米特里厄斯的生日。^我听说春天的水果已经开始",
				"DwarfBirth": "@，^我希望提醒你一下，今天是矮人的生日。^他日夜坐在矿里，不是吗",
				"EmilyBirth": "@，^我希望提醒你一下，今天是艾米丽的生日。^她一定很喜欢她的红色衣服。而",
				"EvelynBirth": "@，^我希望提醒你一下，今天是艾芙琳的生日。^如此和蔼可亲的老人，她对乔治的照顾",
				"GeorgeBirth": "@，^我希望提醒你一下，今天是乔治的生日。^顽固不化的一",
				"GusBirth": "@，^我希望提醒你一下，今天是格斯的生日。^我猜他来自其他国家……但",
				"JasBirth": "@，^我希望提醒你一下，今天是贾斯的生日。^她是一个可爱的小女孩，我希望她能像现在",
				"JodiBirth": "@，^我希望提醒你一下，今天是乔迪的生日。^她拥有好妈妈的所",
				"KentBirth": "@，^我希望提醒你一下，今天是肯特的生日。^我想知道他服役期间的见闻……我听说军队",
				"KrobusBirth": "@，^我希望提醒你一下，今天是科罗布斯的生日。^那东西真的让我毛骨悚然……谁知道它一直生活在我",
				"LewisBirth": "@，^我希望提醒你一下，今天是刘易斯的生日。^我知道提醒你今天是我的生日有点儿奇",
				"LinusBirth": "@，^我希望提醒你一下，今天是莱纳斯的生日。^我只希望他能明白，我们比他想像",
				"MarnieBirth": "@，^我希望提醒你一下，今天是玛妮的生日。^她与动物相处时的温柔总是让人吃惊！她",
				"PamBirth": "@，^我希望提醒你一下，今天是潘姆的生日。^这位女士花太多的时间在酒吧了",
				"PierreBirth": "@，^我希望提醒你一下，今天是皮埃尔的生日。^如果没有他的话，我们的镇子将遭受巨大的损失。让我们祈祷",
				"RobinBirth": "@，^我希望提醒你一下，今天是罗宾的生日。^她所有的项目都精益求精；听说她曾经想养一头山羊，",
				"SandyBirth": "@，^我希望提醒你一下，今天是桑迪的生日。^她有提到说你让公交车再次工作了…",
				"ShaneBirth": "@，^我希望提醒你一下，今天是谢恩的生日。^如果要我猜测，我会说他在大学以后就搬进",
				"VincentBirth": "@，^我希望提醒你一下，今天是文森特的生日。^他母亲应该对他放开一些。她似乎有点过",
				"WillyBirth": "@，^我希望提醒你一下，今天是威利的生日。^归属大海的男人，他永远不会厌倦讲述他的故事……我只希望我最近不需要",
				"WizardBirth": "@，^我希望提醒你一下，今天是法师的生日。^给他一些魔法物品，也许他会在他下",
			}
		},
		
		{
			"Action": "EditData",
			"Target": "Data/mail.ru-RU",
			"Entries": {
				"AlexBirth": "@,^Ð¥Ð¾ÑÐµÐ» Ð½Ð°Ð¿Ð¾Ð¼Ð½Ð¸ÑÑ ÑÐµÐ±Ðµ, ÑÑÐ¾ ÑÐµÐ³Ð¾Ð´Ð½Ñ Ð´ÐµÐ½Ñ ÑÐ¾Ð¶Ð´ÐµÐ½Ð¸Ñ ÐÐ»ÐµÐºÑÐ°. ^ÐžÐ½ Ð±Ñ Ð½Ðµ ÑÑÐ°Ð» ÑÐ°ÐºÐ¸Ð¼ Ð¼Ð¸Ð»ÑÐ½ÑÐ¼ Ð± ÐµÐ· Ð¸Ð·Ð½ÑÑÐ¸ÑÐµÐ»ÑÐ½ÑÑ ÑÑÐµÐ½Ð¸ÑÐ¾Ð²Ð¾Ðº, Ð¸ Ð·Ð´Ð¾ÑÐ¾Ð²ÑÑ Ð¾Ð±ÐµÐ´Ð¾Ð²!^  -ÐÑÑ ÐÑÑŽÐ¸Ñ",
    				"ElliottBirth": "@,^ÐÐ°Ð¿Ð¾Ð¼Ð¸Ð½Ð°ÑŽ, ÑÑÐ¾ ÑÐµÐ³Ð¾Ð´Ð½Ñ Ð´ÐµÐ½Ñ ÑÐ¾Ð¶Ð´Ð½Ð¸Ñ Ð­Ð»Ð¸Ð¾ÑÐ°. ^Ðž, ÑÑÐ¾Ñ Ð¿Ð°ÑÐµÐ½Ñ Ð´ÐµÐ¹ÑÑÐ²Ð¸ÑÐµÐ»ÑÐ½Ð¾ Ð»ÑŽÐ±Ð¸Ñ Ð¾ÐºÐµÐ°Ð½, Ð±Ð¾Ð»ÑÑÐµ ÑÐµÐ¼ Ð²ÑÐµ Ð¼Ñ!. ÐÑÐ¼Ð°ÑŽ, Ð¿ÐµÑÐµÑÐ¾Ð»ÐµÐ½Ð°Ñ ÐµÐ´Ð° ÑÐ¾Ð²ÑÐµÐ¼ ÐµÐ³Ð¾ Ð½Ðµ Ð·Ð°Ð±Ð¾ÑÐ¸Ñ!^  -ÐÑÑ ÐÑÑŽÐ¸Ñ",
     				"HarveyBirth": "@,^Ð¥Ð¾ÑÐµÐ» Ð½Ð°Ð¿Ð¾Ð¼Ð½Ð¸ÑÑ, ÑÑÐ¾ Ñ Ð½Ð°ÑÐµÐ³Ð¾ Ð´Ð¾ÐºÑÐ¾ÑÐ° - Ð¥Ð°ÑÐ²Ð¸ - Ð´ÐµÐ½Ñ ÑÐ¾Ð¶Ð´ÐµÐ½Ð¸Ñ. ^Ð­ÑÐ¾ Ð¾ÑÐµÐ½Ñ Ð½ÐµÐ¿ÑÐ¸Ð²ÑÑÐ½Ð¾ Ð²Ð¸Ð´ÐµÑÑ Ð²ÑÐ°ÑÐ° Ð² ÑÐ°Ð»ÑÐ½Ðµ!^  -ÐÑÑ ÐÑÑŽÐ¸Ñ",
       				"SamBirth": "@,^ÐÐ°Ð¿Ð¾Ð¼Ð¸Ð½Ð°ÑŽ, ÑÑÐ¾ ÑÐµÐ³Ð¾Ð´Ð½Ñ Ð´ÐµÐ½Ñ ÑÐ¾Ð¶Ð´ÐµÐ½Ð¸Ñ Ñ Ð¡ÑÐ¼Ð°. ^Ð­ÑÐ¾Ñ Ð¿Ð°ÑÐµÐ½Ñ Ð¸Ð½Ð¾Ð³Ð´Ð° ÑÐ»ÐµÐ³ÐºÐ° Ð³ÑÑÐ±Ð¾Ð²Ð°Ñ, Ð½Ð¾ Ð¾Ð½ Ð¼Ð¾Ð¶ÐµÑ Ð±ÑÑÑ Ð¾ÑÐµÐ½Ñ Ð¼Ð¸Ð»ÑÐ¼, ÐµÑÐ»Ð¸ Ð·Ð°ÑÐ¾ÑÐµÑ.^  -ÐÑÑ ÐÑÑŽÐ¸Ñ",
       				"SebastianBirth": "@,^ÑÐ¾ÑÐµÐ» Ð±ÑÑÑ ÑÐ²ÐµÑÐµÐ½ Ð² ÑÐ¾Ð¼, ÑÑÐ¾ ÑÑ Ð½Ðµ Ð·Ð°Ð±ÑÐ´ÐµÑÑ Ð¿ÑÐ¾ Ð´ÐµÐ½Ñ ÑÐ¾Ð¶Ð´ÐµÐ½Ð¸Ñ Ð¡ÐµÐ±Ð°. ^Ð¥Ð¾ÑÑ Ð½Ð°Ñ Ð¡ÐµÐ±Ð°ÑÑÐ¸Ð°Ð½ Ð¸ Ð²ÑÐ³Ð»ÑÐ´Ð¸Ñ Ð½ÐµÐ¼Ð½Ð¾Ð³Ð¾ Ð´ÐµÐ¿ÑÐµÑÐ¸Ð²Ð½ÑÐ¼, Ð½Ð¾ Ñ Ð·Ð½Ð°ÑŽ, ÑÑÐ¾ Ñ Ð½ÐµÐ³Ð¾ Ð²ÑÐµÐ³Ð´Ð° Ð±ÑÐ»Ð° ÑÑÐ³Ð° Ðº Ð½ÐµÐ¸Ð·Ð²ÐµÑÐ½Ð¾Ð¼Ñ!^  -ÐÑÑ ÐÑÑŽÐ¸Ñ",
                		"AbigailBirth": "@,^Ð¯ Ð¿ÑÐ¾ÑÑÐ¾ ÑÐ¾ÑÐµÐ» Ð½Ð°Ð¿Ð¾Ð¼Ð½Ð¸ÑÑ ÑÐµÐ±Ðµ, ÑÑÐ¾ ÑÐµÐ³Ð¾Ð´Ð½Ñ Ñ Ð½Ð°ÑÐµÐ¹ Ð­Ð±Ð±Ð¸ Ð´ÐµÐ½Ñ ÑÐ¾Ð¶Ð´ÐµÐ½Ð¸Ñ. ^ÐÐµ ÑÐ¼Ð¾ÑÑÑ Ð½Ð° ÑÐ²Ð¾ÑŽ ÑÐºÑÐ¾Ð¼Ð½Ð¾ÑÑÑ, Ð¾Ð½Ð° Ð½ÐµÐ¿Ð»Ð¾ÑÐ¾ ÑÐ»ÐµÐ´Ð¸Ñ Ð·Ð° ÑÐ¾Ð±Ð¾Ð¹!^ ^ÐÑÑÐ°ÑÐ¸, Ð½Ð°ÑÐºÐ¾Ð»ÑÐºÐ¾ Ñ Ð¿Ð¾Ð¼Ð½ÑŽ, Ð¾Ð½Ð° Ð¾ÑÐµÐ½Ñ Ð»ÑŽÐ±Ð¸Ñ Ð°Ð¼ÐµÑÐ¸ÑÑ. ^ÐžÐ½ Ð¿Ð¾ÑÐ»ÑÐ¶Ð¸Ð» Ð±Ñ Ð¾ÑÐ»Ð¸ÑÐ½ÑÐ¼ Ð¿Ð¾Ð´Ð°ÑÐºÐ¾Ð¼!^  -ÐÑÑ ÐÑÑŽÐ¸Ñ",
       				"HaleyBirth": "@,^Ð¡ÐµÐ³Ð¾Ð´Ð½Ñ Ð´ÐµÐ½Ñ ÑÐ¾Ð¶Ð´ÐµÐ½Ð¸Ñ Ñ Ð¥ÑÐ¹Ð»Ð¸. ^Ð£Ð²ÐµÑÐµÐ½, ÑÑÐ¾ ÑÑÐ¾ Ð´Ð¾Ð²Ð¾Ð»ÑÐ½Ð¾ ÑÑÐ¶ÐºÐ¾ Ð´ÐµÑÐ¶Ð°ÑÑ ÑÐ¸Ð³ÑÑÑ Ð² ÑÐ°ÐºÐ¾Ð¹ ÑÐ¾ÑÐ¼Ðµ!^  -ÐÑÑ ÐÑÑŽÐ¸Ñ",
                		"LeahBirth": "@,^ÐÐ¾Ð±ÑÐ¾Ðµ ÑÑÑÐ¾, ÑÐµÐ³Ð¾Ð´Ð½Ñ Ñ ÐÐµÐ¸ Ð´ÐµÐ½Ñ ÑÐ¾Ð¶Ð´ÐµÐ½Ð¸Ñ. ^ÐžÐ½Ð° Ð¾ÑÐµÐ½Ñ Ð¼Ð½Ð¾Ð³Ð¾ ÑÐ°Ð±Ð¾ÑÐ°ÐµÑ Ð½Ð° Ð¿ÑÑÐ¸ Ðº ÑÐ²Ð¾ÐµÐ¹ Ð¼ÐµÑÑÐµ. Ð Ð¿ÑÐ¾ ÑÐ²Ð¾Ð¹ Ð²Ð½ÐµÑÐ½Ð¸Ð¹ Ð²Ð¸Ð´ Ð¾Ð½Ð° ÑÐ¾Ð´Ðµ Ð½ Ð·Ð°Ð±ÑÐ²Ð°ÐµÑ!^  -ÐÑÑ ÐÑÑŽÐ¸Ñ",
                		"MaruBirth": "@,^ÐÐ°Ð¿Ð¾Ð¼Ð¸Ð½Ð°ÑŽ, ÑÐµÐ³Ð¾Ð´Ð½Ñ Ð´ÐµÐ½Ñ ÑÐ¾Ð¶Ð´ÐµÐ½Ð¸Ñ Ñ ÐÐ°ÑÑ. ^ÐÐ°Ð¶ÐµÑÑÑ, Ð½ÐµÐ´Ð°Ð²Ð½Ð¾ Ñ Ð²Ð¸Ð´ÐµÐ», ÑÑÐ¾ Ð¾Ð½Ð° ÑÑÐ¾-ÑÐ¾ Ð¸ÑÐºÐ°Ð»Ð° Ð² ÑÐ°ÑÑÐ°Ñ Ð½ÐµÐ¿Ð¾Ð´Ð°Ð»ÑÐºÑ. ÐÐ°Ð¶Ðµ Ð½Ðµ Ð·Ð½Ð°ÑŽ, ÑÑÐ¾ Ð¼Ð¾Ð³Ð»Ð¾ ÐµÐ¹ Ð¿Ð¾Ð½Ð°Ð´Ð¾Ð±Ð¸ÑÑÑÑ...^  -ÐÑÑ ÐÑÑŽÐ¸Ñ",
                		"PennyBirth": "@,^ÐÐ°Ð¿Ð¾Ð¼Ð¸Ð½Ð°ÑŽ Ð¾ Ð´Ð½Ðµ ÑÐ¾Ð¶Ð´ÐµÐ½Ð¸Ñ ÐÐµÐ½Ð½Ð¸. ^ÐžÑÐµÐ½Ñ ÑÐ°Ð½Ð¸Ð¼Ð°Ñ Ð´ÐµÐ²ÑÑÐºÐ°, Ñ Ð±Ð¾Ð»ÑÑÐ¸Ð¼ ÑÐµÑÐ´ÑÐµÐ¼...^  -ÐÑÑ ÐÑÑŽÐ¸Ñ",
                		"CarolineBirth": "@,^Ð¥Ð¾ÑÐµÐ» Ð½Ð°Ð¿Ð¾Ð¼Ð½Ð¸ÑÑ, ÑÑÐ¾ ÑÐµÐ³Ð¾Ð´Ð½Ñ Ð´ÐµÐ½Ñ ÑÐ¾Ð¶Ð´ÐµÐ½Ð¸Ñ ÐÑÑÐ¾Ð»Ð°Ð¹Ð½. ^ÐžÐ±ÑÑÐ½Ð¾ Ð² Ð»ÐµÑÐ½ÐµÐµ Ð²ÑÐµÐ¼Ñ Ð¾Ð½Ð° Ð³ÑÐ»ÑÐµÑ Ð² Ð¾ÐºÑÑÐ³Ðµ Ð¸ ÑÐ¾Ð±Ð¸ÑÐ°ÐµÑ ÑÐ²ÐµÑÑ.^  -ÐÑÑ ÐÑÑŽÐ¸Ñ",
                		"ClintBirth": "@,^Ð¥Ð¾ÑÐµÐ» Ð½Ð°Ð¿Ð¾Ð¼Ð½Ð¸ÑÑ, ÑÑÐ¾ ÑÐµÐ³Ð¾Ð´Ð½Ñ Ð´ÐµÐ½Ñ ÑÐ¾Ð¶Ð´ÐµÐ½Ð¸Ñ Ñ Ð½Ð°ÑÐµÐ³Ð¾ ÐºÑÐ·Ð½ÐµÑÐ°. ^ÐžÐ½ ÑÐ¶Ðµ Ð¼Ð½Ð¾Ð³Ð¾ Ð»ÐµÑ Ð²ÐµÑÐµÐ½ ÑÐ²Ð¾ÐµÐ¹ ÑÐ°Ð±Ð¾ÑÐµ!^  -ÐÑÑ ÐÑÑŽÐ¸Ñ",
                		"DemetriusBirth": "@,^ÐÐ°Ð¿Ð¾Ð¼Ð¸Ð½Ð°ÑŽ, ÑÑÐ¾ ÑÐµÐ³Ð¾Ð´Ð½Ñ Ð´ÐµÐ½Ñ ÑÐ¾Ð¶Ð´ÐµÐ½Ð¸Ñ Ñ ÐÐµÐ¼ÐµÑÑÐ¸ÑÑÐ°. ^Ð¯ ÑÐ»ÑÑÐ°Ð», ÑÑÐ¾ Ð¾Ð½ Ð¿ÑÐ¾ÑÑÐ¾ Ð¾Ð±Ð¾Ð¶Ð°ÐµÑ Ð²ÐµÑÐµÐ½Ð½Ð¸Ðµ ÑÑÑÐºÑÑ!^  -ÐÑÑ ÐÑÑŽÐ¸Ñ",
                		"DwarfBirth": "@,^ÐÐµ Ð·Ð°Ð±ÑÐ´Ñ, ÑÐµÐ³Ð¾Ð´Ð½Ñ Ð´ÐµÐ½Ñ ÑÐ¾Ð¶Ð´ÐµÐ½Ð¸Ñ Ñ ÐÐ²Ð¾ÑÑÐ°. ^ÐžÐ½, ÐºÐ°Ð¶ÐµÑÑÑ, ÑÐ¸Ð´Ð¸Ñ Ð² ÑÐ°ÑÑÐµ Ð´Ð½Ð¸ Ð½Ð°Ð¿ÑÐ¾Ð»ÑÑ, ÑÐ°Ð·Ð²Ðµ Ð½ÐµÑ? ÐžÐ½ Ð´Ð¾Ð²Ð¾Ð»ÑÐ½Ð¾ ÑÑÑÐ°Ð½Ð½ÑÐ¹ Ð¼Ð°Ð»ÑÐ¹... ÐÐ¾ ÑÐµÐ³Ð¾Ð´Ð½Ñ Ð¾Ð½ Ð¿Ð¾Ð²Ð·ÑÐ¾ÑÐ»ÐµÐ»! Ð Ð½ÑÐ¶Ð½Ð¾ Ð¾Ð±ÑÐ·Ð°ÑÐµÐ»ÑÐ½Ð¾ ÐµÐ³Ð¾ Ð¿Ð¾Ð·Ð´ÑÐ°Ð²Ð¸ÑÑ!^  -ÐÑÑ ÐÑÑŽÐ¸Ñ",
                		"EmilyBirth": "@,^ÐÐµ Ð·Ð°Ð±ÑÐ´Ñ, Ñ Ð­Ð¼Ð¸Ð»Ð¸ ÑÐµÐ³Ð¾Ð´Ð½Ñ Ð´ÐµÐ½Ñ ÑÐ¾Ð¶Ð´ÐµÐ½Ð¸Ñ. ^ÐžÐ½Ð° Ð´Ð¾Ð»Ð¶Ð½Ð¾ Ð±ÑÑÑ Ð¿ÑÐ¾ÑÑÐ¾ Ð¾Ð±Ð¾Ð¶Ð°ÐµÑ ÑÐ²Ð¾Ñ ÐºÑÐ°ÑÐ½Ð¾Ðµ Ð¿Ð»Ð°ÑÑÐµ. ÐžÐ½Ð¾ ÑÐ°Ðº ÐµÑ Ð¸Ð´ÑÑ!^  -ÐÑÑ ÐÑÑŽÐ¸Ñ",
                		"EvelynBirth": "@,^ÐÐ°Ð¿Ð¾Ð¼Ð¸Ð½Ð°ÑŽ, ÑÑÐ¾ ÑÐµÐ³Ð¾Ð´Ð½Ñ Ð´ÐµÐ½Ñ ÑÐ¾Ð¶Ð´ÐµÐ½Ð¸Ñ Ð­Ð²ÐµÐ»Ð¸Ð½. ^ÐÑ ÑÐ°Ð·Ð²Ðµ Ð½Ðµ Ð¿ÑÐµÐºÑÐ°ÑÐ½Ð°Ñ ÑÑÐ°ÑÑÑÐºÐ°! Ð¡ Ð½ÐµÐ¹ ÑÐ°Ðº Ð¿ÑÐ¸ÑÑÐ½Ð¾ Ð½Ð°ÑÐ¾Ð´Ð¸ÑÑÑÑ ÑÑÐ´Ð¾Ð¼.^  -ÐÑÑ ÐÑÑŽÐ¸Ñ",
                		"GeorgeBirth": "@,^ÐÐ°Ð¿Ð¾Ð¼Ð¸Ð½Ð°ÑŽ, ÑÑÐ¾ ÑÐµÐ³Ð¾Ð´Ð½Ñ Ð´ÐµÐ½Ñ ÑÐ¾Ð¶Ð´ÐµÐ½Ð¸Ñ ÐÐ¶Ð¾ÑÐ´Ð¶Ð°. ^Ð¡ÑÐ°ÑÐ¸Ðº Ñ Ð²ÑÐ´ÐµÑÐ¶Ð°Ð½ÑÐ¼Ð¸ Ð²ÐºÑÑÐ°Ð¼Ð¸.^  -ÐÑÑ ÐÑÑŽÐ¸Ñ",
                		"GusBirth": "@,^ÐÐ°Ð¿Ð¾Ð¼Ð¸Ð½Ð°ÑŽ, ÑÑÐ¾ ÑÐµÐ³Ð¾Ð´Ð½Ñ Ð´ÐµÐ½Ñ ÑÐ¾Ð¶Ð´ÐµÐ½Ð¸Ñ Ñ ÐÐ°ÑÐ°. ^ÐÐ¾Ð»Ð°Ð³Ð°ÑŽ, Ð¾Ð½ Ð¸Ð· ÐÐµÐºÑÐ¸ÐºÐ¸... Ð½Ð¾ Ñ ÑÐ¾ÑÐ½Ð¾ Ð½Ðµ ÑÐ²ÐµÑÐµÐ½.^  -ÐÑÑ ÐÑÑŽÐ¸Ñ",
                		"JasBirth": "@,^ÐÐ°Ð¿Ð¾Ð¼Ð¸Ð½Ð°ÑŽ, ÑÑÐ¾ ÑÐµÐ³Ð¾Ð´Ð½Ñ Ð´ÐµÐ½Ñ ÑÐ¾Ð¶Ð´ÐµÐ½Ð¸Ñ Ñ ÐÐ¶Ð°Ñ. ^ÐÐ¸Ð»Ð°Ñ Ð¼Ð°Ð»ÐµÐ½ÑÐºÐ°Ñ Ð´ÐµÐ²Ð¾ÑÐºÐ°. ÐÐ°Ð´ÐµÑŽÑÑ Ð¾Ð½Ð° Ð²ÑÑÐ¾ÑÑÐµÑ ÑÐ°ÐºÐ¾Ð¹ Ð¶Ðµ Ð¶Ð¸Ð·Ð½ÐµÑÐ°Ð´Ð¾ÑÑÐ½Ð¾Ð¹ ÐºÐ°Ðº Ð¸ ÑÐµÐ¹ÑÐ°Ñ.^  -ÐÑÑ ÐÑÑŽÐ¸Ñ",
                		"JodiBirth": "@,^ÐÐ°Ð¿Ð¾Ð¼Ð¸Ð½Ð°ÑŽ, ÑÑÐ¾ ÑÐµÐ³Ð¾Ð´Ð½Ñ Ð´ÐµÐ½Ñ ÑÐ¾Ð¶Ð´ÐµÐ½Ð¸Ñ ÐÐ¶Ð¾Ð´Ð¸. ^ÐÑ ÑÐ¿Ð¾ÑÑÑÐ²Ð¾ Ð´ÐµÐ»Ð°ÐµÑ ÐµÑ Ð¾ÑÐ»Ð¸ÑÐ½Ð¾Ð¹ Ð¼Ð°Ð¼Ð¾Ð¹!^  -Lewis",
                		"KentBirth": "@,^ÐÐ°Ð¿Ð¾Ð¼Ð¸Ð½Ð°ÑŽ, ÑÑÐ¾ ÑÐµÐ³Ð¾Ð´Ð½Ñ Ð´ÐµÐ½Ñ ÑÐ¾Ð¶Ð´ÐµÐ½Ð¸Ñ ÐÐµÐ½ÑÐ°. ^ÐÐ°Ð¶Ðµ Ð½Ðµ Ð·Ð½Ð°ÑŽ ÑÑÐ¾ ÐµÐ¼Ñ ÑÐ´Ð°Ð»Ð¾ÑÑ Ð¿ÐµÑÐµÐ¶Ð¸ÑÑ Ð·Ð° Ð²ÑÐµÐ¼Ñ ÑÐ²Ð¾ÐµÐ¹ ÑÐ»ÑÐ¶Ð±Ñ... Ð¯ ÑÐ»ÑÑÐ°Ð» Ð² Ð°ÑÐ¼Ð¸Ð¸ Ð¾Ð½Ð¸ ÐµÐ»Ð¸ Ð¾ÑÐµÑÐ¸ Ð½Ð° Ð·Ð°Ð²ÑÑÐ°Ðº!^  -ÐÑÑ ÐÑÑŽÐ¸Ñ",
                		"KrobusBirth": "@,^ÐÐ°Ð¿Ð¾Ð¼Ð¸Ð½Ð°ÑŽ, ÑÑÐ¾ ÑÐµÐ³Ð¾Ð´Ð½Ñ Ð´ÐµÐ½Ñ ÑÐ¾Ð¶Ð´ÐµÐ½Ð¸Ñ Ñ ÐÑÐ¾Ð±ÑÑÐ°. ^Ð­ÑÐ¾ Ð¾ÑÐµÐ½Ñ Ð¼ÐµÐ½Ñ Ð¿ÑÐ³Ð°ÐµÑ... ÐÑÐ¾ Ð¶Ðµ Ð·Ð½Ð°Ð», ÑÑÐ¾ ÑÑÐ¾ Ð¶Ð¸Ð²ÑÑ ÑÐ°Ðº ÑÑÐ´Ð¾Ð¼...^  -ÐÑÑ ÐÑÑŽÐ¸Ñ",
                		"LewisBirth": "@,^ÐÐµ ÑÐ¾ÑÐµÐ», Ð²ÑÐµ Ð·Ð°Ð±ÑÐ²Ð°Ð»Ð¸, ÑÑÐ¾ ÑÐµÐ³Ð¾Ð´Ð½Ñ Ð¼Ð¾Ð¹ Ð´ÐµÐ½Ñ ÑÐ¾Ð¶Ð´ÐµÐ½Ð¸Ñ. ^ÐÐ¾Ð·Ð¼Ð¾Ð¶Ð½Ð¾, ÑÑÐ¾ Ð½ÐµÐ¼Ð½Ð¾Ð³Ð¾ ÑÑÑÐ°Ð½Ð½Ð¾ Ð½Ð°Ð¿Ð¾Ð¼Ð¸Ð½Ð°ÑÑ Ð¿ÑÐ¾ ÑÐ°ÐºÐ¸Ðµ Ð²ÑÐ¸ ÑÐ°Ð¼Ð¾Ð¼Ñ... Ð½Ð¾ Ñ ÑÐ¾Ð¶Ðµ Ð»ÑŽÐ±Ð»ÑŽ Ð¿Ð¾Ð´Ð°ÑÐºÐ¸!^  -ÐÑÑ ÐÑÑŽÐ¸Ñ",
                		"LinusBirth": "@,^ÐÐ°Ð¿Ð¾Ð¼Ð¸Ð½Ð°ÑŽ, ÑÑÐ¾ ÑÐµÐ³Ð¾Ð´Ð½Ñ Ð´ÐµÐ½Ñ ÑÐ¾Ð¶Ð´ÐµÐ½Ð¸Ñ Ñ ÐÐ¸Ð½ÑÑÐ°. ^Ð¯ Ð¾ÑÐµÐ½Ñ ÑÐ¾ÑÑ, ÑÑÐ¾Ð±Ñ Ð¾Ð½ Ð¿Ð¾Ð½ÑÐ», ÑÑÐ¾ Ð¼Ñ ÑÐ°Ð´Ñ ÐµÐ¼Ñ ÑÑÑ Ð±Ð¾Ð»ÑÑÐµ ÑÐµÐ¼ Ð¾Ð½ Ð´ÑÐ¼Ð°ÐµÑ...^  -ÐÑÑ ÐÑÑŽÐ¸Ñ",
                		"MarnieBirth": "@,^Ð¥Ð¾ÑÐµÐ» Ð½Ð°Ð¿Ð¾Ð¼Ð½Ð¸ÑÑ, ÑÑÐ¾ ÑÐµÐ³Ð¾Ð´Ð½Ñ Ñ ÐÐ°ÑÐ½Ð¸ Ð´ÐµÐ½Ñ ÑÐ¾Ð¶Ð´ÐµÐ½Ð¸Ñ. ^Ð¯ Ð±Ñ Ð¾ÑÐµÐ½Ñ ÑÐ¾ÑÐµÐ» ÑÐ´ÐµÐ»Ð°ÑÑ Ð´Ð»Ñ Ð½ÐµÑ Ð½ÐµÐ·Ð°Ð±ÑÐ²Ð°ÐµÐ¼ÑÐ¹ Ð¿ÑÐ°Ð·Ð´Ð½Ð¸Ðº. ^ÐÐ¾Ð»Ð°Ð³Ð°ÑŽ, ÑÐ°Ð±Ð¾ÑÐ² Ñ Ð¶Ð¸Ð²Ð¾ÑÐ½ÑÐ¼Ð¸ ÑÑÐ¾ Ð¾ÑÐµÐ½Ñ Ð¸Ð·Ð½ÑÑÐ¸ÑÐµÐ»ÑÐ½Ð¾, ÑÐ¾ÑÑ Ð¾Ð½Ð° Ð¾ÑÐµÐ½Ñ Ð»ÑŽÐ±Ð¸Ñ ÑÑÐ¾ Ð´ÐµÐ»Ð¾!  -ÐÑÑ ÐÑÑŽÐ¸Ñ",
                		"PamBirth": "@,^ÐÐ°Ð¿Ð¾Ð¼Ð¸Ð½Ð°ÑŽ, ÑÑÐ¾ ÑÐµÐ³Ð¾Ð´Ð½Ñ Ð´ÐµÐ½Ñ ÑÐ¾Ð¶Ð´ÐµÐ½Ð¸Ñ ÐÑÐ¼. ^Ð§ÐµÑÑÐ½Ð¾ Ð³Ð¾Ð²Ð¾ÑÑ, ÑÑÐ° Ð´Ð°Ð¼Ð° Ð¿ÑÐ¾Ð²Ð¾Ð´Ð¸Ñ ÑÐ»Ð¸ÑÐºÐ¾Ð¼ Ð¼Ð½Ð¾Ð³Ð¾ Ð²ÑÐµÐ¼ÐµÐ½Ð¸ Ð² ÑÐ°Ð»ÑÐ½Ðµ, ÑÑ ÑÐ°Ðº Ð½Ðµ Ð´ÑÐ¼Ð°ÐµÑÑ?^  -ÐÑÑ ÐÑÑŽÐ¸Ñ",
                		"PierreBirth": "@,^ÐÐ°Ð¿Ð¾Ð¼Ð¸Ð½Ð°ÑŽ, ÑÑÐ¾ ÑÐµÐ³Ð¾Ð´Ð½Ñ Ñ Ð½Ð°ÑÐµÐ³Ð¾ Ð»ÑÑÑÐµÐ³Ð¾ Ð¿ÑÐ¾Ð´Ð°Ð²ÑÐ° Ð´ÐµÐ½Ñ ÑÐ¾Ð¶Ð´ÐµÐ½Ð¸Ñ. ^Ð¯ Ð½Ðµ Ð·Ð½Ð°ÑŽ, ÑÑÐ¾ Ð½Ð°Ñ Ð³Ð¾ÑÐ¾Ð´ Ð´ÐµÐ»Ð°Ð» Ð±Ñ Ð±ÐµÐ· ÐÑÐµÑÐ°. ÐÑÐ´Ñ Ð½Ð°Ð´ÐµÑÑÑÑ, ÑÑÐ¾ ÐÐ¶Ð¾Ð´Ð¶Ð° Ð¼Ð°ÑÑ Ð½Ð¸ÐºÐ¾Ð³Ð´Ð° Ð´Ð¾ Ð½ÐµÐ³Ð¾ Ð½Ðµ Ð´Ð¾Ð±ÐµÑÑÑÑÑ...^  -ÐÑÑ ÐÑÑŽÐ¸Ñ" ,
                		"RobinBirth": "@,^ÐÐ°Ð¿Ð¾Ð¼Ð¸Ð½Ð°ÑŽ, ÑÑÐ¾ ÑÐµÐ³Ð¾Ð´Ð½Ñ Ð´ÐµÐ½Ñ ÑÐ¾Ð¶Ð´ÐµÐ½Ð¸Ñ Ð Ð¾Ð±Ð¸Ð½. ^ÐžÐ½Ð° Ð²ÐºÐ»Ð°Ð´ÑÐ²Ð°ÐµÑ Ð´ÑÑÑ Ð² ÐºÐ°Ð¶Ð´ÑÐ¹ ÑÐ²Ð¾Ð¹ Ð¿ÑÐ¾ÐµÐºÑ. Ð Ñ ÑÐ»ÑÑÐ°Ð», ÑÑÐ¾ Ð¾Ð½Ð° ÑÐ¾ÑÐµÐ»Ð° ÐºÐ¾Ð·. ÐÐ°Ð´ÐµÑŽÑÑ Ð¾Ð½Ð¸ ÐµÐ¹ Ð²ÑÑ ÐµÑÐµ Ð½ÑÐ¶Ð½Ñ...^  -ÐÑÑ ÐÑÑŽÐ¸Ñ",
                		"SandyBirth": "@,^ÐÐ°Ð¿Ð¾Ð¼Ð¸Ð½Ð°ÑŽ, ÑÑÐ¾ ÑÐµÐ³Ð¾Ð´Ð½Ñ Ð´ÐµÐ½Ñ ÑÐ¾Ð¶Ð´ÐµÐ½Ð¸Ñ Ð¡ÑÐ½Ð´Ð¸. ^ÐžÐ½Ð° ÑÐ¿Ð¾Ð¼Ð¸Ð½Ð°Ð»Ð°, ÑÑÐ¾ ÑÐ¼Ð¾Ð»Ð° Ð¿Ð¾ÑÐ¸Ð½Ð¸ÑÑ Ð°Ð²ÑÐ¾Ð±ÑÑ... Ð£Ð´Ð¸Ð²Ð¸ÑÐµÐ»ÑÐ½Ð¾!^  -ÐÑÑ ÐÑÑŽÐ¸Ñ",
                		"ShaneBirth": "@,^ÐÐ°Ð¿Ð¾Ð¼Ð¸Ð½Ð°ÑŽ, ÑÑÐ¾ ÑÐµÐ³Ð¾Ð´Ð½Ñ Ð´ÐµÐ½Ñ ÑÐ¾Ð¶Ð´ÐµÐ½Ð¸Ñ Ð¨ÐµÐ¹Ð½Ð°. ^ÐÑÐ»Ð¸ Ð±Ñ Ð¼Ð½Ðµ Ð½ÑÐ¶Ð½Ð¾ Ð±ÑÐ»Ð¾ ÑÐ³Ð°Ð´Ð°ÑÑ, Ñ Ð±Ñ ÑÐºÐ°Ð·Ð°Ð», ÑÑÐ¾ Ð¾Ð½ Ð¿ÐµÑÐµÐµÑÐ°Ð» Ðº Ð½Ð°Ð¼ ÑÑÐ°Ð·Ñ Ð¿Ð¾ÑÐ»Ðµ ÐºÐ¾Ð»ÐµÐ´Ð¶Ð°, Ð½Ð¾ Ñ ÑÐ¾ Ð»ÑÑÑÐµ Ð·Ð½Ð°ÑŽ.^  -ÐÑÑ ÐÑÑŽÐ¸Ñ",
                		"VincentBirth": "@,^ÐÐ°Ð¿Ð¾Ð¼Ð¸Ð½Ð°ÑŽ, ÑÑÐ¾ ÑÐµÐ³Ð¾Ð´Ð½Ñ Ð´ÐµÐ½Ñ ÑÐ¾Ð¶Ð´ÐµÐ½Ð¸Ñ ÐÐ¸Ð½ÑÐµÐ½ÑÐ°. ^ÐÐ³Ð¾ Ð¼Ð°ÑÐµÑÐ¸ ÑÑÐ¾Ð¸Ñ Ð¾Ð¿ÐµÐºÐ°ÑÑ ÐµÐ³Ð¾ Ð¼ÐµÐ½ÑÑÐµ. ÐžÐ½Ð° ÑÐ²Ð½Ð¾ Ð¿ÐµÑÐµÐ±Ð°ÑÑÐ¸Ð²Ð°ÐµÑ, ÑÑ ÑÐ°Ðº Ð½Ðµ Ð´ÑÐ¼Ð°ÐµÑÑ?^  -ÐÑÑ ÐÑÑŽÐ¸Ñ",
                		"WillyBirth": "@,^ÐÐ°Ð¿Ð¾Ð¼Ð¸Ð½Ð°ÑŽ, ÑÑÐ¾ ÑÐµÐ³Ð¾Ð´Ð½Ñ Ð´ÐµÐ½Ñ ÑÐ¾Ð¶Ð´ÐµÐ½Ð¸Ñ ÐÐ¸Ð»Ð»Ð¸. ^ÐžÐ½ Ð½Ð°ÑÑÐ¾ÑÑÐ¸Ð¹ Ð¼Ð¾ÑÑÐº. ÐÐ¸ÐºÐ¾Ð³Ð´Ð° Ð½Ðµ ÑÑÑÐ°Ð½Ñ ÑÐ»ÑÑÐ°ÑÑ ÐµÐ³Ð¾ Ð¸ÑÑÐ¾ÑÐ¸Ð¸... Ð¥Ð¾ÑÑ Ð¿Ð¾ÐºÐ° ÑÑÐ¾ Ð½Ðµ Ð¾ÑÐµÐ½Ñ ÑÐ¾ÑÐµÑÑÑ Ð¸Ð´ÑÐ¸ Ð² ÐµÐ³Ð¾ Ð¼Ð°Ð³Ð°Ð·Ð¸Ð½. ÐÐ°Ð¿Ð°Ñ Ð¿ÑÐ¾ÑÑÐ¾ ÑÐ¶Ð°ÑÐ½ÑÐ¹!^  -ÐÑÑ ÐÑÑŽÐ¸Ñ",
                		"WizardBirth": "@,^ÐÐ°Ð¿Ð¾Ð¼Ð¸Ð½Ð°ÑŽ, ÑÑÐ¾ ÑÐµÐ³Ð¾Ð´Ð½Ñ Ð´ÐµÐ½Ñ ÑÐ¾Ð¶Ð´ÐµÐ½Ð¸Ñ ÐÐ¾Ð»ÑÐµÐ±Ð½Ð¸ÐºÐ°. ^ÐÐ¾Ð´Ð°ÑÐ¸ ÐµÐ¼Ñ ÑÑÐ¾-ÑÐ¾ Ð²Ð¾Ð»ÑÐµÐ±Ð½Ð¸Ð½ÑÐºÐ¾Ðµ, Ð¼Ð¾Ð¶ÐµÑ Ð¾Ð½ Ð¸ÑÐ¿Ð¾Ð»ÑÐ·ÑÐµÑ ÑÑÐ¾ Ð² ÑÐ²Ð¾Ð¸Ñ ÑÐ¸ÑÑÐ°Ð»Ð°Ñ!^  -ÐÑÑ ÐÑÑŽÐ¸Ñ",
			}
		},
		
		{
			"Action": "EditData",
			"Target": "Data/mail.pt-BR",
			"Entries": {
				"AlexBirth": "@,^Eu queria te lembrar de que hoje é o aniversário do Alex. ^Você não pode ficar forte como ele sem comer refeições cheias de nutrientes!^  -Lewis",
				"ElliottBirth": "@,^Eu queria te lembrar de que hoje é o aniversário do Elliott. ^Aquele homem realmente ama o oceano. Eu aposto que comidas salgadas não o incomodam!^  -Lewis",
				"HarveyBirth": "@,^Eu queria te lembrar de que hoje é o aniversário do Harvey. ^Para alguém que trabalha como doutor, é bem estranho deparar com ele no salão com uma bebida nas mãos...^  -Lewis",
				"SamBirth": "@,^Eu queria te lembrar de que hoje é o aniversário do Sam. ^O garoto pode ser teimoso por vezes, mas ele realmente sabe ser um doce quando quer.^  -Lewis",
				"SebastianBirth": "@,^Eu queria te lembrar de que hoje é o aniversário do Sebastian. ^Ele pode parecer e agir de forma um pouco depressiva, mas ele realmente ama aprender sobre o desconhecido!^  -Lewis",
				"AbigailBirth": "@,^Eu queria te lembrar de que hoje é o aniversário da Abigail. ^Ela é tão doce, combina com seu gosto doce!^  -Lewis",
				"HaleyBirth": "@,^Eu queria te lembrar de que hoje é o aniversário da Haley. ^Aposto que dá trabalho manter uma imagem daquelas!^  -Lewis",
				"LeahBirth": "@,^Eu queria te lembrar de que hoje é o aniversário da Leah. ^Mas que garota saudável, trabalhando duro todo dia. Não me admira ela parecer tão esbelta e forte!^  -Lewis",
				"MaruBirth": "@,^Eu queria te lembrar de que hoje é o aniversário da Maru. ^Eu vi ela entrando furtivamente nas minas uma vez. Nem imagino o que queria ela dali...^  -Lewis",
				"PennyBirth": "@,^Eu queria te lembrar de que hoje é o aniversario da Penny. ^Uma garota tão frágil, com um coração tão forte...^  -Lewis",
				"CarolineBirth": "@,^Eu queria te lembrar de que hoje é o aniversário da Caroline. ^Ela frequentemente da passeia na época do verão, pegando algumas flores. Tão pacífica...^  -Lewis",
				"ClintBirth": "@,^Eu queria te lembrar de que hoje é o aniversário do Clint. ^Ele realmente é um homem com seu próprio negócio!^  -Lewis",
				"DemetriusBirth": "@,^Eu queria te lembrar de que hoje é o aniversário do Demetrius. ^Ouvi dizer que frutas de primavera alegram sua alma!^  -Lewis",
				"DwarfBirth": "@,^Eu queria te lembrar de que hoje é o aniversário do Dwarf. ^Ele apenas fica sentado noite e dia nas minas, não fica? Ele realmente é alguém estranho...^  -Lewis",
				"EmilyBirth": "@,^Eu queria te lembrar de que hoje é oaniversário da Emily. ^Ela deve amar seu vestido vermelho. Fica tão lindo nela!^  -Lewis",
				"EvelynBirth": "@,^Eu queria te lembrar de que hoje é o aniversário da Evelyn. ^Uma senhora tão doce e tão amável de se ter por perto. Os cuidados dela com George são realmente algo especial.^  -Lewis",
				"GeorgeBirth": "@,^Eu queria te lembrar de que hoje é o aniversário do George. ^Um velho homem com um velho sabor.^  -Lewis",
				"GusBirth": "@,^Eu queria te lembrar de que hoje é o aniversário do Gus. ^Eu imagino que ele é do México... Mas eu realmente não consigo dizer.^  -Lewis",
				"JasBirth": "@,^Eu queria te lembrar de que hoje é o aniversário da Jas. ^Que doce e pequena garotinha que ela é. Espero que cresça linda e feliz assim como é agora.^  -Lewis",
				"JodiBirth": "@,^Eu queria te lembrar de que hoje é o aniversário da Jodi. ^Seu gosto combina muito com o de uma ótima mãe!^  -Lewis",
				"KentBirth": "@,^Eu queria te lembrar de que hoje é o aniversário do Kent. ^Eu me pergunto que coisas ele deve ter visto durante o seu serviço... Ouvi dizer que os militares deram nozes para o café-da-manhã!^  -Lewis",
				"KrobusBirth": "@,^Eu queria te lembrar de que hoje é o aniversário do Krobus. ^Aquela coisa realmente me assusta... Quem sabia que vivia logo abaixo de nós! Como o próprio vazio...^  -Lewis",
				"LewisBirth": "@,^Eu queria te lembrar de que hoje é o meu aniversário. ^Eu sei que você pode pensar que é egoísta da minha parte lembrar do meu próprio aniversário... mas eu tambem gosto de presentes!^  -Lewis",
				"LinusBirth": "@,^Eu queria te lembrar de que hoje é o aniversário do Linus. ^Eu gostaria que ele entendesse que nós o acolhemos mais do que ele imagina...^  -Lewis",
				"MarnieBirth": "@,^Eu queria te lembrar de que hoje é o aniversário da Marnie. ^O trabalho que ela faz com os animais é realmente incrível! Ela é mesmo uma verdadeira fazendeira.^  -Lewis",
				"PamBirth": "@,^Eu queria te lembrar de que hoje é o aniversário da Pam. ^Aquela mulher gasta muito seu tempo no salão, você não acha?^  -Lewis",
				"PierreBirth": "@,^Eu queria te lembrar de que hoje é o aniversário do Pierre. ^Nossa cidade sofreria muito com a sua perda. Esperemos que a Loja Joja nunca o ataque...^  -Lewis" ,
				"RobinBirth": "@,^Eu queria te lembrar de que hoje é o aniversário da Robin. ^Ela trabalha duro em todos os seus projetos, e ouvi dizer que ela queria ter cabras em algum momento. Gostaria de saber se ela ainda as quer...^  -Lewis",
				"SandyBirth": "@,^Eu queria te lembrar de que hoje é o aniversário da Sandy. ^Ela mencionou que você colocou o ônibus a trabalhar de novo de alguma forma... Incrível!^  -Lewis",
				"ShaneBirth": "@,^Eu queria te lembrar de que hoje é o aniversário do Shane. Se eu tivesse que adivinhar, diria que ele se mudou logo após a faculdade, mas sei melhor do que isso.^  -Lewis",
				"VincentBirth": "@,^Eu queria te lembrar de que hoje é o aniversário do Vincent. ^Sua mãe não deveria ser tão dura com ele. Ela parece ser um pouco super protetora, você não concorda?^  -Lewis",
				"WillyBirth": "@,^Eu queria te lembrar de que hoje é o aniversário do Willy. ^Homem do mar. Ele nunca se cansará de contar suas histórias ... só espero não ter que entrar na loja dele tão cedo. O cheiro é revoltante!^  -Lewis",
				"WizardBirth": "@,^Eu queria te lembrar de que hoje é o aniversário do Wizard. ^Dê a ele algo mágico, talvez ele o use em seu próximo ritual!^  -Lewis",
			}
		}
	]
}
